<?xml version="1.0" encoding="UTF-8"?>
<project-private xmlns="http://www.netbeans.org/ns/project-private/1">
    <editor-bookmarks xmlns="http://www.netbeans.org/ns/editor-bookmarks/2" lastBookmarkId="0"/>
    <open-files xmlns="http://www.netbeans.org/ns/projectui-open-files/2">
        <group>
            <file>file:/D:/kuliah/PBO/TUBES/DITY_PBO-master/perpustakaan/src/Tampilan/Dsnlogin.java</file>
            <file>file:/D:/kuliah/PBO/TUBES/DITY_PBO-master/perpustakaan/src/Tampilan/DsnDaftar.java</file>
            <file>file:/D:/kuliah/PBO/TUBES/DITY_PBO-master/perpustakaan/src/Tampilan/adminlogin.java</file>
            <file>file:/D:/kuliah/PBO/TUBES/DITY_PBO-master/perpustakaan/src/Tampilan/adminPinjamBuku.java</file>
            <file>file:/D:/kuliah/PBO/TUBES/DITY_PBO-master/perpustakaan/src/Tampilan/MhsCaribuku.java</file>
            <file>file:/D:/kuliah/PBO/TUBES/DITY_PBO-master/perpustakaan/src/Tampilan/TampilanPengunjung.java</file>
            <file>file:/D:/kuliah/PBO/TUBES/DITY_PBO-master/perpustakaan/src/Tampilan/DsnCaribuku.java</file>
            <file>file:/D:/kuliah/PBO/TUBES/DITY_PBO-master/perpustakaan/src/Tampilan/Mhslogin.java</file>
            <file>file:/D:/kuliah/PBO/TUBES/DITY_PBO-master/perpustakaan/src/Tampilan/DsnDaftraCari.java</file>
            <file>file:/D:/kuliah/PBO/TUBES/DITY_PBO-master/perpustakaan/src/Tampilan/Tampilanpertama.java</file>
            <file>file:/D:/kuliah/PBO/TUBES/DITY_PBO-master/perpustakaan/src/Tampilan/adminEditBuku.java</file>
            <file>file:/D:/kuliah/PBO/TUBES/DITY_PBO-master/perpustakaan/src/Tampilan/MhsDaftar.java</file>
            <file>file:/D:/kuliah/PBO/TUBES/DITY_PBO-master/perpustakaan/src/Tampilan/MhsDaftarCari.java</file>
        </group>
    </open-files>
</project-private>
